Record,Paisaje,Sample,Locality,Successional State,Succession,Plot,LeafLitter.g,LeafLitter/Mg/ha/month,LeafLitter/Mg/ha/month2,Branches.g,Branches/Mg/ha/month,Detritus.g,Detritus/Mg/ha/month,Flowers.g,Flowers/Mg/ha/month,Fruits.g,Fruits/Mg/ha/month,Total.g,Total/Mg/ha/month,Precipitation,Temp.Ave,Temp.Max
1,Lomerio,1,Morelia,2,DL2,P2,505.32,0.561,5.615,59.96,0.067,50.25,0.056,1.01,0.001,7.26,0.008,630.1,0.7,408.87,25.66,35.9
2,Lomerio,2,Morelia,2,DL2,P2,865.48,0.962,9.616,31.98,0.036,109.67,0.122,0.15,0,1.42,0.002,1019.44,1.133,375.13,25.88,37.1
3,Lomerio,3,Morelia,2,DL2,P2,676.03,0.751,7.511,40.93,0.045,141.39,0.157,0,0,33.59,0.037,900.4,1,239.33,25.4,37.81
4,Lomerio,4,Morelia,2,DL2,P2,372.52,0.414,4.139,34.98,0.039,358.56,0.398,5.7,0.006,4.28,0.005,781.04,0.868,286.31,25.47,35.15
5,Lomerio,5,Morelia,2,DL2,P2,456.37,0.507,5.071,46.51,0.052,357.98,0.398,8.77,0.01,15.02,0.017,890.68,0.99,166.01,25.77,35.17
6,Lomerio,6,Morelia,2,DL2,P2,878.52,0.976,9.761,82.6,0.092,412.43,0.458,0.71,0.001,97.91,0.109,1483.46,1.648,177.87,25.29,35.78
7,Lomerio,7,Morelia,2,DL2,P2,797.91,0.887,8.866,28.34,0.031,99.66,0.111,28.16,0.031,36.53,0.041,1000.53,1.112,74.32,26.13,37.17
8,Lomerio,8,Morelia,2,DL2,P2,355.76,0.395,3.953,21.97,0.024,147.52,0.164,0,0,48.35,0.054,578.14,0.642,315.86,25.77,37.13
9,Lomerio,9,Morelia,2,DL2,P2,423.46,0.471,4.705,18.08,0.02,58.09,0.065,0.1,0,41.02,0.046,546.01,0.607,491.1,23.81,33.45
10,Lomerio,10,Morelia,2,DL2,P2,541.42,0.602,6.016,26.88,0.03,112.54,0.125,0.71,0.001,34.72,0.039,723.04,0.803,509.15,24.02,34.45
11,Lomerio,11,Morelia,2,DL2,P2,457.8,0.509,5.087,35.32,0.039,113.63,0.126,0.16,0,3.71,0.004,616.38,0.685,482.56,22.64,33.14
12,Lomerio,12,Morelia,2,DL2,P2,534.13,0.593,5.935,75.62,0.084,181.94,0.202,2.12,0.002,28.42,0.032,829.05,0.921,241.33,23.21,34.32
13,Lomerio,1,Morelia,3,RL,P2,886.95,0.986,9.855,79.22,0.088,134.13,0.149,6.74,0.007,0.3,0,1118.43,1.243,408.87,25.66,35.9
14,Lomerio,2,Morelia,3,RL,P2,604.22,0.671,6.714,19.94,0.022,140.38,0.156,1.35,0.002,3.34,0.004,776.79,0.863,375.13,25.88,37.1
15,Lomerio,3,Morelia,3,RL,P2,436.48,0.485,4.85,20.39,0.023,65.42,0.073,5.46,0.006,7.83,0.009,541.02,0.601,239.33,25.4,37.81
16,Lomerio,4,Morelia,3,RL,P2,294.86,0.328,3.276,71.74,0.08,290.95,0.323,3.46,0.004,12.443,0.014,677.46,0.753,286.31,25.47,35.15
17,Lomerio,5,Morelia,3,RL,P2,383.21,0.426,4.258,31.63,0.035,163.37,0.182,0,0,17.15,0.019,600.26,0.667,166.01,25.77,35.17
18,Lomerio,6,Morelia,3,RL,P2,1143.12,1.27,12.701,78.91,0.088,277.29,0.308,0.13,0,20.45,0.023,1534.27,1.705,177.87,25.29,35.78
19,Lomerio,7,Morelia,3,RL,P2,1123.87,1.249,12.487,62.53,0.069,187.7,0.209,0.03,0,5.26,0.006,1393.41,1.548,74.32,26.13,37.17
20,Lomerio,8,Morelia,3,RL,P2,814.47,0.905,9.05,41.37,0.046,228.26,0.254,0.22,0,17.83,0.02,1112.41,1.236,315.86,25.77,37.13
21,Lomerio,9,Morelia,3,RL,P2,856.29,0.951,9.514,26.68,0.03,79.4,0.088,0,0,8.48,0.009,981.43,1.09,491.1,23.81,33.45
22,Lomerio,10,Morelia,3,RL,P2,680.4,0.756,7.56,20.32,0.023,128.45,0.143,0,0,26.84,0.03,864.49,0.961,509.15,24.02,34.45
23,Lomerio,11,Morelia,3,RL,P2,521.7,0.58,5.797,34.93,0.039,126.05,0.14,4.68,0.005,47.15,0.052,741.07,0.823,482.56,22.64,33.14
24,Lomerio,12,Morelia,3,RL,P2,936.21,1.04,10.402,94.04,0.104,185.78,0.206,3.79,0.004,37.6,0.042,1269.18,1.41,241.33,23.21,34.32
25,Lomerio,1,Morelia,3,RL,P3,1455.41,1.617,16.171,109.79,0.122,294.39,0.327,28.38,0.032,2.73,0.003,1908.97,2.121,404.62,25.66,35.9
26,Lomerio,2,Morelia,3,RL,P3,714.19,0.794,7.935,0,0,267.08,0.297,1.58,0.002,12.77,0.014,1004.65,1.116,353.99,25.88,37.1
27,Lomerio,3,Morelia,3,RL,P3,814.03,0.904,9.045,59.02,0.066,138.72,0.154,0.08,0,12.87,0.014,1034.89,1.15,222.81,25.4,37.81
28,Lomerio,4,Morelia,3,RL,P3,556.21,0.618,6.18,29.91,0.033,22.61,0.025,0,0,5.42,0.006,621.01,0.69,291.04,25.47,35.15
29,Lomerio,5,Morelia,3,RL,P3,450.04,0.5,5,66.22,0.074,171.87,0.191,0,0,5.64,0.006,699.54,0.777,164.57,25.77,35.17
30,Lomerio,6,Morelia,3,RL,P3,797.4,0.886,8.86,66.7,0.074,268.93,0.299,0.28,0,13.89,0.015,1157.32,1.286,165.19,25.29,35.78
31,Lomerio,7,Morelia,3,RL,P3,815.36,0.906,9.06,20.18,0.022,183.1,0.203,0.3,0,28.44,0.032,1057.57,1.175,65.44,26.13,37.17
32,Lomerio,8,Morelia,3,RL,P3,388.43,0.432,4.316,30.34,0.034,222.89,0.248,0.35,0,17.63,0.02,664.67,0.739,313.78,25.77,37.13
33,Lomerio,9,Morelia,3,RL,P3,342.24,0.38,3.803,18.88,0.021,90.27,0.1,1.6,0.002,32.68,0.036,489.98,0.544,471.82,23.81,33.45
34,Lomerio,10,Morelia,3,RL,P3,797.88,0.887,8.865,45.53,0.051,117.43,0.13,1,0.001,12.85,0.014,984.62,1.094,521.58,24.02,34.45
35,Lomerio,11,Morelia,3,RL,P3,493.19,0.548,5.48,27.74,0.031,97.82,0.109,0.03,0,24.79,0.028,649.74,0.722,480.76,22.64,33.14
36,Lomerio,12,Morelia,3,RL,P3,897.51,0.997,9.972,122.93,0.137,266.06,0.296,7.88,0.009,21.57,0.024,1327.36,1.475,245.64,23.21,34.32
37,Lomerio,1,Morelia,2,DL2,P3,595.5,0.662,6.617,120.29,0.134,71.92,0.08,0,0,1.64,0.002,796.84,0.885,404.62,25.66,35.9
38,Lomerio,2,Morelia,2,DL2,P3,763.41,0.848,8.482,20.01,0.022,95.04,0.106,0,0,173.24,0.192,1061.16,1.179,353.99,25.88,37.1
39,Lomerio,3,Morelia,2,DL2,P3,387.09,0.43,4.301,17.87,0.02,52.54,0.058,0.78,0.001,2.162,0.002,465.25,0.517,222.81,25.4,37.81
40,Lomerio,4,Morelia,2,DL2,P3,643.47,0.715,7.15,36.89,0.041,154.62,0.172,0.95,0.001,2.162,0.002,846.17,0.94,291.04,25.47,35.15
41,Lomerio,5,Morelia,2,DL2,P3,306.06,0.34,3.401,31.53,0.035,116.93,0.13,0,0,8.72,0.01,467.15,0.519,164.57,25.77,35.17
42,Lomerio,6,Morelia,2,DL2,P3,818.19,0.909,9.091,72.03,0.08,91.38,0.102,0.09,0,75.01,0.083,1066.88,1.185,165.19,25.29,35.78
43,Lomerio,7,Morelia,2,DL2,P3,727.9,0.809,8.088,38.3,0.043,120.32,0.134,1.37,0.002,29.24,0.032,926.21,1.029,65.44,26.13,37.17
44,Lomerio,8,Morelia,2,DL2,P3,401.56,0.446,4.462,25.63,0.028,146.04,0.162,2.84,0.003,18.35,0.02,599.52,0.666,313.78,25.77,37.13
45,Lomerio,9,Morelia,2,DL2,P3,516.75,0.574,5.742,23.06,0.026,70.94,0.079,5.63,0.006,6.06,0.007,628.87,0.699,471.82,23.81,33.45
46,Lomerio,10,Morelia,2,DL2,P3,332.9,0.37,3.699,22.1,0.025,62.39,0.069,0,0,32.24,0.036,453.79,0.504,521.58,24.02,34.45
47,Lomerio,11,Morelia,2,DL2,P3,533.68,0.593,5.93,52.74,0.059,130.21,0.145,0,0,1.57,0.002,724.93,0.805,480.76,22.64,33.14
48,Lomerio,12,Morelia,2,DL2,P3,551.05,0.612,6.123,67.03,0.074,158.13,0.176,4.16,0.005,4.16,0.005,791.52,0.879,245.64,23.21,34.32
49,Lomerio,1,Belén ,1,DL1,P6,586.5,0.652,6.517,16.34,0.018,42.48,0.047,0,0,4.08,0.005,656.63,0.73,379.36,24.32,33
50,Lomerio,2,Belén ,1,DL1,P6,480.91,0.534,5.343,42.21,0.047,98.13,0.109,0,0,0.29,0,627.57,0.697,367.37,24.48,33.27
51,Lomerio,3,Belén ,1,DL1,P6,695.7,0.773,7.73,21.93,0.024,127.48,0.142,0,0,11.36,0.013,865.14,0.961,250.78,24.04,35.49
52,Lomerio,4,Belén ,1,DL1,P6,334.92,0.372,3.721,6.3,0.007,58.22,0.065,0,0,2.25525,0.003,405.86,0.451,354.03,24.26,33.13
53,Lomerio,5,Belén ,1,DL1,P6,393.62,0.437,4.374,8.66,0.01,66.11,0.073,0,0,0.91,0.001,474.19,0.527,187.13,24.37,33.02
54,Lomerio,6,Belén ,1,DL1,P6,649.1,0.721,7.212,20.43,0.023,71.16,0.079,0.39,0,12.28,0.014,761.4,0.846,188.92,23.75,32
55,Lomerio,7,Belén ,1,DL1,P6,608.35,0.676,6.759,15.09,0.017,38.61,0.043,1.22,0.001,1.41,0.002,672.18,0.747,87.08,24.4,33.52
56,Lomerio,8,Belén ,1,DL1,P6,273.68,0.304,3.041,25.04,0.028,33.67,0.037,0,0,2.55,0.003,338.35,0.376,307.46,24.24,32.91
57,Lomerio,9,Belén ,1,DL1,P6,712.36,0.792,7.915,26.46,0.029,181.84,0.202,0.07,0,2.04,0.002,931.71,1.035,440.55,22.74,31.75
58,Lomerio,10,Belén ,1,DL1,P6,295.51,0.328,3.283,6.94,0.008,37.27,0.041,0,0,0.85,0.001,344.23,0.382,544.64,23.03,32.53
59,Lomerio,11,Belén ,1,DL1,P6,343.46,0.382,3.816,6.7,0.007,74.34,0.083,0.04,0,4.52,0.005,433.35,0.481,441.83,22.04,31.08
60,Lomerio,12,Belén ,1,DL1,P6,246.96,0.274,2.744,20.09,0.022,103.09,0.115,0,0,9.78,0.011,383.08,0.426,211.9,22.39,30.8
61,Lomerio,1,Morelia,2,DL2,P13,527.98,0.587,5.866,82.41,0.092,59.06,0.066,0,0,1.1,0.001,677.16,0.752,389.68,25.66,35.9
62,Lomerio,2,Morelia,2,DL2,P13,650.01,0.722,7.222,29.49,0.033,44.26,0.049,0,0,2.8,0.003,734.59,0.816,358.61,25.88,37.1
63,Lomerio,3,Morelia,2,DL2,P13,515.12,0.572,5.724,30.85,0.034,49.28,0.055,0.13,0,1.14,0.001,602.91,0.67,241.83,25.4,37.81
64,Lomerio,4,Morelia,2,DL2,P13,335.56,0.373,3.728,16.37,0.018,45.83,0.051,0,0,1.398,0.002,403.33,0.448,305.78,25.47,35.15
65,Lomerio,5,Morelia,2,DL2,P13,352.17,0.391,3.913,37.89,0.042,106.37,0.118,0,0,4.22,0.005,505.12,0.561,157.65,25.77,35.17
66,Lomerio,6,Morelia,2,DL2,P13,657.1,0.73,7.301,21.53,0.024,154.35,0.172,0.61,0.001,0.99,0.001,842.81,0.936,182.52,25.29,35.78
67,Lomerio,7,Morelia,2,DL2,P13,295.13,0.328,3.279,43.6,0.048,77.18,0.086,0,0,64.32,0.071,483.97,0.538,76.6,26.13,37.17
68,Lomerio,8,Morelia,2,DL2,P13,320.01,0.356,3.556,21.23,0.024,156.79,0.174,0.05,0,3.72,0.004,505.91,0.562,315.43,25.77,37.13
69,Lomerio,9,Morelia,2,DL2,P13,568.04,0.631,6.312,77.28,0.086,86.27,0.096,0,0,2.96,0.003,741.67,0.824,488.8,23.81,33.45
70,Lomerio,10,Morelia,2,DL2,P13,648.31,0.72,7.203,17.44,0.019,86.78,0.096,0,0,18.75,0.021,779.32,0.866,492.94,24.02,34.45
71,Lomerio,11,Morelia,2,DL2,P13,430.02,0.478,4.778,33.94,0.038,80.2,0.089,0,0,2.67,0.003,552.21,0.614,479.28,22.64,33.14
72,Lomerio,12,Morelia,2,DL2,P13,720.84,0.801,8.009,63.16,0.07,243.17,0.27,4.34,0.005,41.92,0.047,1082.59,1.203,214.25,23.21,34.32
73,Lomerio,1,Morelia,2,DL2,P12,566.91,0.63,6.299,65.22,0.072,114.36,0.127,2.83,0.003,8.57,0.01,765.02,0.85,389.68,25.66,35.9
74,Lomerio,2,Morelia,2,DL2,P12,765.76,0.851,8.508,9.49,0.011,56.86,0.063,0.68,0.001,1.92,0.002,844.14,0.938,358.61,25.88,37.1
75,Lomerio,3,Morelia,2,DL2,P12,703.13,0.781,7.813,9.65,0.011,76.37,0.085,0.05,0,0.69,0.001,798.58,0.887,241.83,25.4,37.81
76,Lomerio,4,Morelia,2,DL2,P12,388.23,0.431,4.314,8.45,0.009,56.64,0.063,0,0,15.4925,0.017,473.63,0.526,305.78,25.47,35.15
77,Lomerio,5,Morelia,2,DL2,P12,507.27,0.564,5.636,33.11,0.037,82.6,0.092,0,0,7.8,0.009,637.11,0.708,157.65,25.77,35.17
78,Lomerio,6,Morelia,2,DL2,P12,816.94,0.908,9.077,23.09,0.026,160.5,0.178,0,0,1.62,0.002,1012.34,1.125,182.52,25.29,35.78
79,Lomerio,7,Morelia,2,DL2,P12,881.2,0.979,9.791,5.9,0.007,83.49,0.093,0,0,9.89,0.011,991.35,1.101,76.6,26.13,37.17
80,Lomerio,8,Morelia,2,DL2,P12,424.72,0.472,4.719,49.62,0.055,149.2,0.166,0.05,0,4.89,0.005,633.89,0.704,315.43,25.77,37.13
81,Lomerio,9,Morelia,2,DL2,P12,580.33,0.645,6.448,40.15,0.045,55.26,0.061,0,0,26.46,0.029,709.4,0.788,488.8,23.81,33.45
82,Lomerio,10,Morelia,2,DL2,P12,347.81,0.386,3.865,6.73,0.007,50.87,0.057,0,0,1.67,0.002,411.39,0.457,492.94,24.02,34.45
83,Lomerio,11,Morelia,2,DL2,P12,475.09,0.528,5.279,32.8,0.036,152.81,0.17,0.14,0,13.85,0.015,680.7,0.756,479.28,22.64,33.14
84,Lomerio,12,Morelia,2,DL2,P12,356.25,0.396,3.958,35.04,0.039,167.01,0.186,0,0,11.93,0.013,574.81,0.639,214.25,23.21,34.32
85,Lomerio,1,Florencia,2,DL2,P16,538.29,0.598,5.981,82,0.091,59.99,0.067,0,0,18.65,0.021,705.67,0.784,423.75,25.66,35.9
86,Lomerio,2,Florencia,2,DL2,P16,595.13,0.661,6.613,44.01,0.049,97.86,0.109,2,0.002,93.03,0.103,839.46,0.933,390.33,25.88,37.1
87,Lomerio,3,Florencia,2,DL2,P16,400.23,0.445,4.447,15.36,0.017,53.59,0.06,0.93,0.001,69.04,0.077,544.12,0.605,247.11,25.4,37.81
88,Lomerio,4,Florencia,2,DL2,P16,539.45,0.599,5.994,22.14,0.025,90.24,0.1,0.1,0,22.4,0.025,681.05,0.757,275.09,25.47,35.15
89,Lomerio,5,Florencia,2,DL2,P16,650.31,0.723,7.226,31.94,0.035,121.59,0.135,4.16,0.005,12.77,0.014,828.89,0.921,158.14,25.77,35.17
90,Lomerio,6,Florencia,2,DL2,P16,1204.35,1.338,13.382,72.35,0.08,178.17,0.198,0.88,0.001,5.28,0.006,1476.03,1.64,166.53,25.29,35.78
91,Lomerio,7,Florencia,2,DL2,P16,342.82,0.381,3.809,29.14,0.032,92.34,0.103,0,0,15.47,0.017,484.09,0.538,67.36,26.13,37.17
92,Lomerio,8,Florencia,2,DL2,P16,334.73,0.372,3.719,17.21,0.019,111.76,0.124,1.09,0.001,5.31,0.006,474.34,0.527,300.65,24.24,37.13
93,Lomerio,9,Florencia,2,DL2,P16,1024.59,1.138,11.384,68.81,0.076,165.93,0.184,1.29,0.001,75.81,0.084,1349.22,1.499,505.52,23.81,33.45
94,Lomerio,10,Florencia,2,DL2,P16,513.98,0.571,5.711,53.35,0.059,67.42,0.075,0.08,0,2.54,0.003,643.78,0.715,558.88,24.02,34.45
95,Lomerio,11,Florencia,2,DL2,P16,244.71,0.272,2.719,16.61,0.018,48.57,0.054,0,0,6.18,0.007,319.13,0.355,539.46,22.64,33.14
96,Lomerio,12,Florencia,2,DL2,P16,270.17,0.3,3.002,18.37,0.02,69.4,0.077,0.52,0.001,69.4,0.077,431.26,0.479,254.68,23.21,34.32
97,Lomerio,1,Morelia,1,DL1,P10,182.73,0.203,2.03,18.93,0.021,20.96,0.023,0,0,1.29,0.001,226.19,0.251,376.05,25.66,35.9
98,Lomerio,2,Morelia,1,DL1,P10,341.86,0.38,3.798,13.45,0.015,45.86,0.051,0.27,0,2.86,0.003,408.54,0.454,378.07,25.88,37.1
99,Lomerio,3,Morelia,1,DL1,P10,224.05,0.249,2.489,24.76,0.028,57.87,0.064,0,0,1.23,0.001,310.74,0.345,239.8,25.4,37.81
100,Lomerio,4,Morelia,1,DL1,P10,269.48,0.299,2.994,3.65,0.004,45.18,0.05,0.25,0,3.7035,0.004,325.61,0.362,316.93,25.47,35.15
101,Lomerio,5,Morelia,1,DL1,P10,428.03,0.476,4.756,6.01,0.007,99.16,0.11,1.27,0.001,35.99,0.04,575.81,0.64,161.6,25.77,35.17
102,Lomerio,6,Morelia,1,DL1,P10,150.76,0.168,1.675,22.63,0.025,51.47,0.057,0.18,0,0.16,0,227.13,0.252,187.54,25.29,35.78
103,Lomerio,7,Morelia,1,DL1,P10,370.72,0.412,4.119,10.17,0.011,22.3,0.025,0.82,0.001,0.73,0.001,409.31,0.455,83.47,26.13,37.17
104,Lomerio,8,Morelia,1,DL1,P10,181.28,0.201,2.014,4.32,0.005,24.81,0.028,0.02,0,1.08,0.001,213.75,0.238,288.71,25.77,37.13
105,Lomerio,9,Morelia,1,DL1,P10,229.07,0.255,2.545,10.26,0.011,25.65,0.029,0,0,11.01,0.012,278.83,0.31,466.66,23.81,33.45
106,Lomerio,10,Morelia,1,DL1,P10,229.07,0.255,2.545,10.26,0.011,25.65,0.029,0,0,42.29,0.047,310.11,0.345,507.79,24.02,34.45
107,Lomerio,11,Morelia,1,DL1,P10,329.21,0.366,3.658,16.22,0.018,207.04,0.23,0,0,1.93,0.002,558.67,0.621,460.94,22.64,33.14
108,Lomerio,12,Morelia,1,DL1,P10,477.68,0.531,5.308,78.04,0.087,129.46,0.144,0.23,0,10.26,0.011,701.74,0.78,228.78,23.21,34.32
109,Lomerio,1,Belén ,1,DL1,P11,346.85,0.385,3.854,10.99,0.012,95.89,0.107,0.25,0,3.04,0.003,461.38,0.513,371.64,24.32,33
110,Lomerio,2,Belén ,1,DL1,P11,344.85,0.383,3.832,0,0,37.86,0.042,0,0,1.96,0.002,388.93,0.432,346.69,24.48,33.27
111,Lomerio,3,Belén ,1,DL1,P11,175.65,0.195,1.952,10.72,0.012,92.3,0.103,0.12,0,1.16,0.001,282.21,0.314,242.77,24.04,35.49
112,Lomerio,4,Belén ,1,DL1,P11,304.55,0.338,3.384,14.46,0.016,47.49,0.053,0,0,2.778,0.003,373.07,0.415,329.12,24.26,33.13
113,Lomerio,5,Belén ,1,DL1,P11,211.04,0.234,2.345,12.04,0.013,66.67,0.074,0,0,0.3,0,292.72,0.325,169.98,24.37,33.02
114,Lomerio,6,Belén ,1,DL1,P11,522.01,0.58,5.8,20.37,0.023,106.35,0.118,0.17,0,5.31,0.006,660.73,0.734,167.45,23.75,32
115,Lomerio,7,Belén ,1,DL1,P11,505.59,0.562,5.618,33.6,0.037,54.56,0.061,0.07,0,9.89,0.011,609.98,0.678,74.31,24.4,33.52
116,Lomerio,8,Belén ,1,DL1,P11,363.15,0.404,4.035,14.71,0.016,73.04,0.081,0,0,35.12,0.039,490.56,0.545,291.67,24.24,32.91
117,Lomerio,9,Belén ,1,DL1,P11,389.38,0.433,4.326,11.67,0.013,112.3,0.125,0.08,0,66.66,0.074,584.99,0.65,492.58,22.74,31.75
118,Lomerio,10,Belén ,1,DL1,P11,245.11,0.272,2.723,10.64,0.012,82.58,0.092,0.47,0.001,73.06,0.081,414.96,0.461,499.65,23.03,32.53
119,Lomerio,11,Belén ,1,DL1,P11,465.17,0.517,5.169,14.67,0.016,112.25,0.125,0,0,14.58,0.016,612.49,0.681,439.19,22.04,31.08
120,Lomerio,12,Belén ,1,DL1,P11,405.14,0.45,4.502,43.94,0.049,19.51,0.022,0,0,201.06,0.223,674.67,0.75,209.95,22.39,30.8
121,Lomerio,1,San Jose,3,RL,P4,582.13,0.647,6.468,75.76,0.084,160.53,0.178,32.07,0.036,10.27,0.011,868.17,0.965,370.17,25.9,36.9
122,Lomerio,2,San Jose,3,RL,P4,978.03,1.087,10.867,186.32,0.207,130.74,0.145,0.02,0,40.28,0.045,1347.7,1.497,354.19,26.06,37.38
123,Lomerio,3,San Jose,3,RL,P4,500.07,0.556,5.556,9.13,0.01,64.32,0.071,0.12,0,7.51,0.008,587.34,0.653,226.86,25.14,37.11
124,Lomerio,4,San Jose,3,RL,P4,686.74,0.763,7.63,90.4,0.1,118.53,0.132,32.21,0.036,3.064,0.003,939.61,1.044,343.93,25.17,33.9
125,Lomerio,5,San Jose,3,RL,P4,447.26,0.497,4.97,52.67,0.059,104.67,0.116,1.03,0.001,14.73,0.016,626,0.696,207.36,25.3,34.57
126,Lomerio,6,San Jose,3,RL,P4,1237.98,1.376,13.755,42.34,0.047,169.9,0.189,1.27,0.001,16.52,0.018,1483.38,1.648,202.36,24.73,34.83
127,Lomerio,7,San Jose,3,RL,P4,1059.17,1.177,11.769,83.54,0.093,262.31,0.291,0.76,0.001,59.9,0.067,1479.01,1.643,103.02,25.6,37.19
128,Lomerio,8,San Jose,3,RL,P4,256.8,0.285,2.853,7.77,0.009,88.09,0.098,0,0,8.01,0.009,363.92,0.404,312.41,25.38,35.87
129,Lomerio,9,San Jose,3,RL,P4,269.59,0.3,2.995,18.02,0.02,91.97,0.102,0.67,0.001,7.38,0.008,391.04,0.434,378.77,23.41,33.51
130,Lomerio,10,San Jose,3,RL,P4,473.14,0.526,5.257,54.33,0.06,116.14,0.129,0,0,28.47,0.032,678.05,0.753,472.94,23.67,33.05
131,Lomerio,11,San Jose,3,RL,P4,440.04,0.489,4.889,12.38,0.014,95.72,0.106,2.07,0.002,6.06,0.007,561.77,0.624,372.46,22.58,33.77
132,Lomerio,12,San Jose,3,RL,P4,239.99,0.267,2.667,9.93,0.011,42.98,0.048,0.33,0,5.63,0.006,301.85,0.335,218.33,23.36,35.23
133,Lomerio,1,Belén ,2,DL2,P5,284.76,0.316,3.164,141.5,0.157,43.27,0.048,6.03,0.007,4.81,0.005,484.06,0.538,371.64,24.32,33
134,Lomerio,2,Belén ,2,DL2,P5,924.58,1.027,10.273,0,0,158.1,0.176,0.65,0.001,9.79,0.011,1104.6,1.227,346.69,24.48,33.27
135,Lomerio,3,Belén ,2,DL2,P5,516.5,0.574,5.739,8.96,0.01,97.74,0.109,6.21,0.007,13.56,0.015,649.41,0.722,242.77,24.04,35.49
136,Lomerio,4,Belén ,2,DL2,P5,493.66,0.549,5.485,11.68,0.013,149.65,0.166,1.02,0.001,6.47,0.007,668.69,0.743,329.12,24.26,33.13
137,Lomerio,5,Belén ,2,DL2,P5,458.34,0.509,5.093,55.95,0.062,117.57,0.131,0,0,4.5,0.005,642.15,0.714,169.98,24.37,33.02
138,Lomerio,6,Belén ,2,DL2,P5,711.97,0.791,7.911,19.2,0.021,136.35,0.152,2.72,0.003,93.85,0.104,972.97,1.081,167.45,23.75,32
139,Lomerio,7,Belén ,2,DL2,P5,1056.66,1.174,11.741,127.24,0.141,508.64,0.565,0.05,0,37.93,0.042,1744.14,1.938,74.31,24.4,33.52
140,Lomerio,8,Belén ,2,DL2,P5,337.79,0.375,3.753,10.95,0.012,185.9,0.207,0.17,0,12.64,0.014,551.8,0.613,291.67,24.24,32.91
141,Lomerio,9,Belén ,2,DL2,P5,641.02,0.712,7.122,28.47,0.032,128.91,0.143,8.92,0.01,3.1,0.003,818.44,0.909,492.58,22.74,31.75
142,Lomerio,10,Belén ,2,DL2,P5,316.68,0.352,3.519,24.4,0.027,92.02,0.102,0,0,10.44,0.012,447.54,0.497,499.65,23.03,32.53
143,Lomerio,11,Belén ,2,DL2,P5,600.41,0.667,6.671,10.15,0.011,147.38,0.164,0.17,0,22.13,0.025,787.76,0.875,439.19,22.04,31.08
144,Lomerio,12,Belén ,2,DL2,P5,289.92,0.322,3.221,20.58,0.023,138.31,0.154,0,0,68.64,0.076,521.17,0.579,209.95,22.39,30.8
145,Lomerio,1,Belén ,,DV1,,685.57,0.762,7.617,16.68,0.019,111.88,0.124,1.03,0.001,10.35,0.012,834.03,0.927,371.64,24.32,24.32
146,Lomerio,2,Belén ,,DV1,,489.45,0.544,5.438,57.1,0.063,86.86,0.097,0,0,3.3,0.004,642.85,0.714,346.69,24.48,24.48
147,Lomerio,3,Belén ,,DV1,,424.79,0.472,4.72,7.94,0.009,73.82,0.082,0.23,0,28.65,0.032,540.72,0.601,242.77,24.04,24.04
148,Lomerio,4,Belén ,,DV1,,283.13,0.315,3.146,10.08,0.011,71.33,0.079,0,0,11.97,0.013,380.06,0.422,329.12,24.26,24.26
149,Lomerio,5,Belén ,,DV1,,352.5,0.392,3.917,21.21,0.024,96.04,0.107,0,0,38.2,0.042,512.39,0.569,169.98,24.37,24.37
150,Lomerio,6,Belén ,,DV1,,615.01,0.683,6.833,16.9,0.019,126.95,0.141,0,0,9.02,0.01,775.56,0.862,167.45,23.75,23.75
151,Lomerio,7,Belén ,,DV1,,648.91,0.721,7.21,43.37,0.048,112.96,0.126,0.11,0,7.46,0.008,820.91,0.912,74.31,24.4,24.4
152,Lomerio,8,Belén ,,DV1,,173.6,0.193,1.929,14.01,0.016,29.34,0.033,0,0,8.11,0.009,227.23,0.252,291.67,24.24,24.24
153,Lomerio,9,Belén ,,DV1,,328.47,0.365,3.65,29.58,0.033,87.42,0.097,0,0,5.6,0.006,455.22,0.506,492.58,22.74,22.74
154,Lomerio,10,Belén ,,DV1,,259.46,0.288,2.883,12.74,0.014,97.39,0.108,0.15,0,2.37,0.003,375.41,0.417,499.65,23.03,23.03
155,Lomerio,11,Belén ,,DV1,,263.91,0.293,2.932,4.36,0.005,115.01,0.128,0,0,10.56,0.012,397.2,0.441,439.19,22.04,22.04
156,Lomerio,12,Belén ,,DV1,,345.57,0.384,3.84,15.99,0.018,25.18,0.028,0.06,0,34.12,0.038,425.19,0.472,209.95,22.39,22.39
157,Lomerio,1,Florencia,3,RL,P14,625.85,0.695,6.954,45.13,0.05,49.88,0.055,4.51,0.005,1.76,0.002,734.89,0.817,427.21,25.66,35.9
158,Lomerio,2,Florencia,3,RL,P14,899.37,0.999,9.993,85.13,0.095,103.48,0.115,1.61,0.002,27.13,0.03,1127.92,1.253,385.16,25.88,37.1
159,Lomerio,3,Florencia,3,RL,P14,628.41,0.698,6.982,18.53,0.021,130.75,0.145,3.35,0.004,5.58,0.006,794.47,0.883,248,25.4,37.81
160,Lomerio,4,Florencia,3,RL,P14,1068.43,1.187,11.871,53.64,0.06,157.27,0.175,0.22,0,58.31,0.065,1351.16,1.501,277.54,25.47,35.15
161,Lomerio,5,Florencia,3,RL,P14,644.41,0.716,7.16,40.49,0.045,128.72,0.143,0,0,4.66,0.005,826.35,0.918,156.11,25.77,35.17
162,Lomerio,6,Florencia,3,RL,P14,638.16,0.709,7.091,27.67,0.031,322.68,0.359,0.3,0,41.41,0.046,1038.41,1.154,174.8,25.29,35.78
163,Lomerio,7,Florencia,3,RL,P14,615.62,0.684,6.84,25.15,0.028,139.96,0.156,2.57,0.003,2.69,0.003,793.7,0.882,67.58,26.13,37.17
164,Lomerio,8,Florencia,3,RL,P14,370.21,0.411,4.113,32.13,0.036,122.18,0.136,1.51,0.002,81.5,0.091,612.23,0.68,305.8,25.77,37.13
165,Lomerio,9,Florencia,3,RL,P14,471.97,0.524,5.244,34.06,0.038,120.41,0.134,0,0,11.74,0.013,644.12,0.716,533.41,23.81,33.45
166,Lomerio,10,Florencia,3,RL,P14,275.46,0.306,3.061,19.9,0.022,96.43,0.107,0,0,1.09,0.001,396.37,0.44,537.45,24.02,34.45
167,Lomerio,11,Florencia,3,RL,P14,554.8,0.616,6.164,18.53,0.021,73.45,0.082,1.04,0.001,9.5,0.011,664.2,0.738,520.75,22.64,33.14
168,Lomerio,12,Florencia,3,RL,P14,582.17,0.647,6.469,60.16,0.067,44.46,0.049,0.82,0.001,9.38,0.01,704.22,0.782,254.51,23.21,34.32
169,Mountain,1,Florencia,1,DM1,P6,169.58,0.188,1.884,0,0,66.87,0.074,0.49,0.001,8.88,0.01,247.97,0.276,284.43,24.73,33.7
170,Mountain,2,Florencia,1,DM1,P6,148.08,0.165,1.645,3.45,0.004,10.24,0.011,0,0,3.7164,0.004,167.31,0.186,192.74,24.54,34.92
171,Mountain,3,Florencia,1,DM1,P6,295.94,0.329,3.288,9.74,0.011,40.62,0.045,0.12,0,2.0752,0.002,352.17,0.391,277.28,24.85,34.44
172,Mountain,4,Florencia,1,DM1,P6,101.78,0.113,1.131,1.1,0.001,27.06,0.03,0,0,0.45,0,131.66,0.146,162.81,25.07,34.72
173,Mountain,5,Florencia,1,DM1,P6,203.07,0.226,2.256,20.19,0.022,119.81,0.133,0.47,0.001,12.89,0.014,359.07,0.399,131.31,24.56,33.66
174,Mountain,6,Florencia,1,DM1,P6,603.12,0.67,6.701,3.89,0.004,85.99,0.096,0,0,12.71,0.014,713.18,0.792,62.86,25.33,34.14
175,Mountain,7,Florencia,1,DM1,P6,193.71,0.215,2.152,5.72,0.006,18.16,0.02,8.5,0.009,1.17,0.001,229.66,0.255,229.39,25.01,34.09
176,Mountain,8,Florencia,1,DM1,P6,270.96,0.301,3.011,1.87,0.002,32.44,0.036,0,0,3.3,0.004,311.92,0.347,340.61,23.59,33.26
177,Mountain,9,Florencia,1,DM1,P6,156.01,0.173,1.733,12.37,0.014,15.89,0.018,0,0,8.03,0.009,194.24,0.216,438.75,23.81,34.18
178,Mountain,10,Florencia,1,DM1,P6,133.13,0.148,1.479,1.59,0.002,16.72,0.019,0.14,0,3.49,0.004,156.72,0.174,451.61,22.5,32.33
179,Mountain,11,Florencia,1,DM1,P6,172.35,0.192,1.915,5.13,0.006,20.39,0.023,0,0,0.35,0,200.35,0.223,233.18,22.71,31.23
180,Mountain,12,Florencia,1,DM1,P6,465.3,0.517,5.17,3.85,0.004,109.55,0.122,0,0,22.7,0.025,607.21,0.675,270.06,23.66,31.86
181,Mountain,1,Belén ,3,RM,P10,724.17,0.805,8.046,117.81,0.131,187.72,0.209,5.94,0.007,26.92,0.03,1071.76,1.191,339.42,24.48,33.27
182,Mountain,2,Belén ,3,RM,P10,504.2,0.56,5.602,102.72,0.114,225.86,0.251,1.94,0.002,188.55,0.209,1029.8,1.144,238.96,24.04,35.49
183,Mountain,3,Belén ,3,RM,P10,376.83,0.419,4.187,60.51,0.067,308.12,0.342,4.52,0.005,25.7184,0.029,780.72,0.867,345.32,24.26,33.13
184,Mountain,4,Belén ,3,RM,P10,311.47,0.346,3.461,60.85,0.068,108.36,0.12,2.08,0.002,11.07,0.012,497.83,0.553,180.8,24.37,33.02
185,Mountain,5,Belén ,3,RM,P10,409.21,0.455,4.547,18.56,0.021,68.57,0.076,1.49,0.002,6.86,0.008,509.79,0.566,175.88,23.75,32
186,Mountain,6,Belén ,3,RM,P10,480.02,0.533,5.334,36.95,0.041,128.39,0.143,0,0,8.79,0.01,660.2,0.734,58.98,24.4,33.52
187,Mountain,7,Belén ,3,RM,P10,640.84,0.712,7.12,15.83,0.018,69.28,0.077,8.46,0.009,3.7,0.004,746.05,0.829,260.74,24.24,32.91
188,Mountain,8,Belén ,3,RM,P10,241.28,0.268,2.681,59.49,0.066,150.46,0.167,4.41,0.005,47.7,0.053,506.53,0.563,474.02,22.74,31.75
189,Mountain,9,Belén ,3,RM,P10,280.54,0.312,3.117,35.85,0.04,50.97,0.057,0,0,31.81,0.035,402.7,0.447,500.12,23.03,32.53
190,Mountain,10,Belén ,3,RM,P10,354.53,0.394,3.939,13.44,0.015,85.53,0.095,0,0,6.94,0.008,464.88,0.517,404.88,22.04,31.08
191,Mountain,11,Belén ,3,RM,P10,536.8,0.596,5.964,54.84,0.061,120.35,0.134,4.5,0.005,25.19,0.028,748.44,0.832,196.7,22.39,30.8
192,Mountain,12,Belén ,3,RM,P10,575.34,0.639,6.393,66.39,0.074,226.7,0.252,1.41,0.002,53.11,0.059,930.31,1.034,241.23,23.42,32
193,Mountain,1,Belén ,3,RM,P14,692.83,0.77,7.698,0,0,111.21,0.124,7.09,0.008,22.9,0.025,842.63,0.936,339.42,24.48,33.27
194,Mountain,2,Belén ,3,RM,P14,743.08,0.826,8.256,52.11,0.058,174.28,0.194,0.02,0,0,0,978.82,1.088,238.96,24.04,35.49
195,Mountain,3,Belén ,3,RM,P14,377.34,0.419,4.193,96.54,0.107,249.1,0.277,4.5,0.005,69.79,0.078,802.27,0.891,345.32,24.26,33.13
196,Mountain,4,Belén ,3,RM,P14,394.28,0.438,4.381,45.35,0.05,125.97,0.14,0,0,24.81,0.028,595.42,0.662,180.8,24.37,33.02
197,Mountain,5,Belén ,3,RM,P14,509.09,0.566,5.657,13.53,0.015,134.75,0.15,0,0,20.62,0.023,684.38,0.76,175.88,23.75,32
198,Mountain,6,Belén ,3,RM,P14,509.73,0.566,5.664,24.08,0.027,104.52,0.116,0,0,15.7,0.017,660.4,0.734,58.98,24.4,33.52
199,Mountain,7,Belén ,3,RM,P14,412.49,0.458,4.583,14.29,0.016,48.97,0.054,2.92,0.003,2.22,0.002,486.01,0.54,260.74,24.24,32.91
200,Mountain,8,Belén ,3,RM,P14,584.52,0.649,6.495,52.99,0.059,122.1,0.136,0.32,0,16.21,0.018,783.48,0.871,474.02,22.74,31.75
201,Mountain,9,Belén ,3,RM,P14,323.62,0.36,3.596,55.9,0.062,125.2,0.139,0,0,5.12,0.006,514,0.571,500.12,23.03,32.53
202,Mountain,10,Belén ,3,RM,P14,277.42,0.308,3.082,22.74,0.025,84.02,0.093,0.15,0,7.73,0.009,395.56,0.44,404.88,22.04,31.08
203,Mountain,11,Belén ,3,RM,P14,598.42,0.665,6.649,70.53,0.078,103.14,0.115,2.69,0.003,16.66,0.019,798.95,0.888,196.7,22.39,30.8
204,Mountain,12,Belén ,3,RM,P14,463.53,0.515,5.15,67.89,0.075,179.61,0.2,20.08,0.022,36.62,0.041,773.69,0.86,241.23,23.42,32
205,Mountain,1,Morelia,1,DM1,P10,388.36,0.432,4.315,68.2,0.076,92.26,0.103,3.27,0.004,1.29,0.001,558.31,0.62,345.06,24.73,33.7
206,Mountain,2,Morelia,1,DM1,P10,375.91,0.418,4.177,49.88,0.055,94.67,0.105,1.12,0.001,8.24,0.009,534.58,0.594,220.93,24.54,34.92
207,Mountain,3,Morelia,1,DM1,P10,538.27,0.598,5.981,39.01,0.043,129.55,0.144,0.67,0.001,4.3416,0.005,718.61,0.798,291.32,24.85,34.44
208,Mountain,4,Morelia,1,DM1,P10,346.15,0.385,3.846,32.78,0.036,136.3,0.151,4.2,0.005,5.42,0.006,529.27,0.588,179.22,25.07,34.72
209,Mountain,5,Morelia,1,DM1,P10,513.28,0.57,5.703,51.8,0.058,329.35,0.366,20.85,0.023,3.69,0.004,925.69,1.029,156.94,24.56,33.66
210,Mountain,6,Morelia,1,DM1,P10,524.41,0.583,5.827,28.64,0.032,84.04,0.093,0,0,24.8,0.028,668.42,0.743,62.19,25.33,34.14
211,Mountain,7,Morelia,1,DM1,P10,619.3,0.688,6.881,50.89,0.057,142.1,0.158,0,0,45.19,0.05,865.26,0.961,283,25.01,34.09
212,Mountain,8,Morelia,1,DM1,P10,335.49,0.373,3.728,22.06,0.025,109.44,0.122,0.03,0,9.05,0.01,480.32,0.534,467.74,23.59,33.26
213,Mountain,9,Morelia,1,DM1,P10,423.46,0.471,4.705,54.28,0.06,121.99,0.136,0.42,0,5.36,0.006,610.88,0.679,496.01,23.81,34.18
214,Mountain,10,Morelia,1,DM1,P10,220.54,0.245,2.45,23.46,0.026,80.49,0.089,0,0,8.12,0.009,335.42,0.373,450.4,22.5,32.33
215,Mountain,11,Morelia,1,DM1,P10,118.08,0.131,1.312,10.18,0.011,35.7,0.04,0.07,0,0.43,0,165.95,0.184,235.28,22.71,31.23
216,Mountain,12,Morelia,1,DM1,P10,397.22,0.441,4.414,62.43,0.069,125.49,0.139,2.01,0.002,53.61,0.06,645.83,0.718,273.34,23.66,31.86
217,Mountain,1,Morelia,2,DM2,P12,370.82,0.412,4.12,187.65,0.209,258.34,0.287,9.42,0.01,186.67,0.207,1017.94,1.131,345.06,24.73,33.7
218,Mountain,2,Morelia,2,DM2,P12,417.46,0.464,4.638,60.7,0.067,234.37,0.26,3.47,0.004,13.86,0.015,735.29,0.817,220.93,24.54,34.92
219,Mountain,3,Morelia,2,DM2,P12,328.94,0.365,3.655,27.95,0.031,253.21,0.281,0.21,0,16.249,0.018,630.89,0.701,291.32,24.85,34.44
220,Mountain,4,Morelia,2,DM2,P12,279.3,0.31,3.103,69.07,0.077,186.48,0.207,3.28,0.004,17.5,0.019,559.33,0.621,179.22,25.07,34.72
221,Mountain,5,Morelia,2,DM2,P12,369.27,0.41,4.103,35.82,0.04,153.88,0.171,0,0,17.64,0.02,581.33,0.646,156.94,24.56,33.66
222,Mountain,6,Morelia,2,DM2,P12,680.26,0.756,7.558,76.26,0.085,208.88,0.232,4.21,0.005,5.61,0.006,983.86,1.093,62.19,25.33,34.14
223,Mountain,7,Morelia,2,DM2,P12,471.64,0.524,5.24,98.51,0.109,246.88,0.274,20.56,0.023,3.4,0.004,847.16,0.941,283,25.01,34.09
224,Mountain,8,Morelia,2,DM2,P12,320.46,0.356,3.561,24.52,0.027,119.58,0.133,3.09,0.003,15.63,0.017,487.36,0.542,467.74,23.59,33.26
225,Mountain,9,Morelia,2,DM2,P12,199.62,0.222,2.218,34.76,0.039,214.48,0.238,18.03,0.02,5.82,0.006,475.45,0.528,496.01,23.81,34.18
226,Mountain,10,Morelia,2,DM2,P12,219.81,0.244,2.442,65.42,0.073,236.04,0.262,0.44,0,26.76,0.03,551.49,0.613,450.4,22.5,32.33
227,Mountain,11,Morelia,2,DM2,P12,349.17,0.388,3.88,138.79,0.154,509.53,0.566,0,0,7.98,0.009,1010.46,1.123,235.28,22.71,31.23
228,Mountain,12,Morelia,2,DM2,P12,449.5,0.499,4.994,193.72,0.215,509.53,0.566,0,0,8.81,0.01,1167.84,1.298,273.34,23.66,31.86
229,Mountain,1,Morelia,1,DM1,P11,51.71,0.057,0.575,7.77,0.009,3.7,0.004,0.07,0,0,0,63.89,0.071,345.06,24.73,33.7
230,Mountain,2,Morelia,1,DM1,P11,247.3,0.275,2.748,41.64,0.046,13.25,0.015,0.05,0,0,0,305.32,0.339,220.93,24.54,34.92
231,Mountain,3,Morelia,1,DM1,P11,281.5,0.313,3.128,63.9,0.071,136.8,0.152,0.59,0.001,4.34,0.005,490.79,0.545,291.32,24.85,34.44
232,Mountain,4,Morelia,1,DM1,P11,168.68,0.187,1.874,12.53,0.014,26.18,0.029,0.91,0.001,1.02,0.001,211.42,0.235,179.22,25.07,34.72
233,Mountain,5,Morelia,1,DM1,P11,303.12,0.337,3.368,11.22,0.012,20.11,0.022,0,0,1.89,0.002,340.08,0.378,156.94,24.56,33.66
234,Mountain,6,Morelia,1,DM1,P11,200.66,0.223,2.23,3.75,0.004,9.15,0.01,0,0,0.26,0,216.28,0.24,62.19,25.33,34.14
235,Mountain,7,Morelia,1,DM1,P11,674.86,0.75,7.498,22.12,0.025,108.26,0.12,0.67,0.001,1.02,0.001,815.32,0.906,283,25.01,34.09
236,Mountain,8,Morelia,1,DM1,P11,188.08,0.209,2.09,3.14,0.003,26.52,0.029,0.42,0,0.57,0.001,221.06,0.246,467.74,23.59,33.26
237,Mountain,9,Morelia,1,DM1,P11,155.29,0.173,1.725,12.42,0.014,28.25,0.031,0,0,2.85,0.003,200.75,0.223,496.01,23.81,34.18
238,Mountain,10,Morelia,1,DM1,P11,72.44,0.08,0.805,11.5,0.013,14.26,0.016,0,0,0.37,0,99.48,0.111,450.4,22.5,32.33
239,Mountain,11,Morelia,1,DM1,P11,477.31,0.53,5.303,79.92,0.089,130.57,0.145,8.53,0.009,0.7,0.001,703.11,0.781,235.28,22.71,31.23
240,Mountain,12,Morelia,1,DM1,P11,169.58,0.188,1.884,52.43,0.058,124.55,0.138,0.68,0.001,10.89,0.012,360.4,0.4,273.34,23.66,31.86
241,Mountain,1,Belén ,1,DM1,P9,101.29,0.113,1.125,27.68,0.031,21.6,0.024,0.12,0,0.3,0,152.28,0.169,312.97,24.48,33.27
242,Mountain,2,Belén ,1,DM1,P9,99.54,0.111,1.106,14.63,0.016,18.27,0.02,0,0,0.12,0,133.81,0.149,223.07,24.04,35.49
243,Mountain,3,Belén ,1,DM1,P9,104.76,0.116,1.164,11.45,0.013,14.39,0.016,0,0,1.1612,0.001,133.07,0.148,324.17,24.26,33.13
244,Mountain,4,Belén ,1,DM1,P9,132.63,0.147,1.474,38.39,0.043,29.31,0.033,4.08,0.005,0.15,0,206.26,0.229,189.04,24.37,33.02
245,Mountain,5,Belén ,1,DM1,P9,609.68,0.677,6.774,23.77,0.026,212.48,0.236,27.53,0.031,0.36,0,881.56,0.98,172.29,23.75,32
246,Mountain,6,Belén ,1,DM1,P9,333.1,0.37,3.701,12.68,0.014,65.21,0.072,0.15,0,4.5,0.005,419.8,0.466,61.45,24.4,33.52
247,Mountain,7,Belén ,1,DM1,P9,52.79,0.059,0.587,11.8,0.013,13.77,0.015,0,0,0.03,0,79.06,0.088,260.71,24.24,32.91
248,Mountain,8,Belén ,1,DM1,P9,172.14,0.191,1.913,2.82,0.003,25.9,0.029,0,0,0.07,0,203.07,0.226,431.91,22.74,31.75
249,Mountain,9,Belén ,1,DM1,P9,125.57,0.14,1.395,8.17,0.009,28.32,0.031,0,0,0.71,0.001,164.35,0.183,433.42,23.03,32.53
250,Mountain,10,Belén ,1,DM1,P9,229.41,0.255,2.549,23.67,0.026,22.34,0.025,0.72,0.001,1.09,0.001,280.09,0.311,363.79,22.04,31.08
251,Mountain,11,Belén ,1,DM1,P9,185.08,0.206,2.056,13.81,0.015,38.09,0.042,0.47,0.001,8.85,0.01,248.62,0.276,188.3,22.39,30.8
252,Mountain,12,Belén ,1,DM1,P9,241.87,0.269,2.687,19.77,0.022,70.25,0.078,0.91,0.001,4.87,0.005,340.73,0.379,229.75,23.42,32
253,Mountain,1,Belén ,2,DM2,P8,323.23,0.359,3.591,149.21,0.166,624.87,0.694,0.39,0,50.9,0.057,1153.41,1.282,312.97,24.48,33.27
254,Mountain,2,Belén ,2,DM2,P8,348.4,0.387,3.871,55.36,0.062,79.56,0.088,0,0,4.66,0.005,492.38,0.547,223.07,24.04,35.49
255,Mountain,3,Belén ,2,DM2,P8,218.7,0.243,2.43,40.49,0.045,36.59,0.041,0,0,0.1308,0,298.67,0.332,324.17,24.26,33.13
256,Mountain,4,Belén ,2,DM2,P8,311.71,0.346,3.463,38.66,0.043,94.2,0.105,0,0,6.43,0.007,454.96,0.506,189.04,24.37,33.02
257,Mountain,5,Belén ,2,DM2,P8,585.68,0.651,6.508,29.55,0.033,147.18,0.164,1.16,0.001,23.09,0.026,794.02,0.882,172.29,23.75,32
258,Mountain,6,Belén ,2,DM2,P8,720.84,0.801,8.009,81.04,0.09,163.84,0.182,0,0,9.67,0.011,984.48,1.094,61.45,24.4,33.52
259,Mountain,7,Belén ,2,DM2,P8,326.28,0.363,3.625,27.52,0.031,35.14,0.039,0,0,25.87,0.029,418.87,0.465,260.71,24.24,32.91
260,Mountain,8,Belén ,2,DM2,P8,402.92,0.448,4.477,66.55,0.074,181.85,0.202,0,0,43.16,0.048,699.68,0.777,431.91,22.74,31.75
261,Mountain,9,Belén ,2,DM2,P8,156.17,0.174,1.735,56.81,0.063,88.92,0.099,2.04,0.002,30.04,0.033,336.05,0.373,433.42,23.03,32.53
262,Mountain,10,Belén ,2,DM2,P8,392.67,0.436,4.363,71.73,0.08,116.54,0.129,0,0,4.86,0.005,590.81,0.656,363.79,22.04,31.08
263,Mountain,11,Belén ,2,DM2,P8,269.87,0.3,2.999,55.51,0.062,133.08,0.148,0.63,0.001,22.68,0.025,485.28,0.539,188.3,22.39,30.8
264,Mountain,12,Belén ,2,DM2,P8,488.63,0.543,5.429,110.2,0.122,110.15,0.122,0,0,65.53,0.073,780.73,0.867,229.75,23.42,32
265,Mountain,1,Belén ,1,DM1,P15,357.2,0.397,3.969,70.11,0.078,167.56,0.186,0.96,0.001,26.96,0.03,627.42,0.697,312.97,24.48,33.27
266,Mountain,2,Belén ,1,DM1,P15,566.74,0.63,6.297,38.78,0.043,121.11,0.135,0.28,0,2.52,0.003,736.54,0.818,223.07,24.04,35.49
267,Mountain,3,Belén ,1,DM1,P15,454.74,0.505,5.053,21.06,0.023,127.42,0.142,0,0,5.7333,0.006,614.68,0.683,324.17,24.26,33.13
268,Mountain,4,Belén ,1,DM1,P15,253.68,0.282,2.819,20.47,0.023,53.86,0.06,0,0,0.66,0.001,331.86,0.369,189.04,24.37,33.02
269,Mountain,5,Belén ,1,DM1,P15,705.46,0.784,7.838,30.15,0.034,115.84,0.129,0,0,14.44,0.016,874.67,0.972,172.29,23.75,32
270,Mountain,6,Belén ,1,DM1,P15,456.78,0.508,5.075,10.28,0.011,170.61,0.19,4.3,0.005,20.71,0.023,668.47,0.743,61.45,24.4,33.52
271,Mountain,7,Belén ,1,DM1,P15,398.78,0.443,4.431,20.2,0.022,38.84,0.043,0,0,2.47,0.003,465.23,0.517,260.71,24.24,32.91
272,Mountain,8,Belén ,1,DM1,P15,291.3,0.324,3.237,20.74,0.023,87.01,0.097,0.19,0,15.93,0.018,418.85,0.465,431.91,22.74,31.75
273,Mountain,9,Belén ,1,DM1,P15,270.58,0.301,3.006,66.26,0.074,163.3,0.181,2.78,0.003,10.7,0.012,517.19,0.575,433.42,23.03,32.53
274,Mountain,10,Belén ,1,DM1,P15,385.19,0.428,4.28,25.48,0.028,93.08,0.103,0.21,0,30.74,0.034,539.54,0.599,363.79,22.04,31.08
275,Mountain,11,Belén ,1,DM1,P15,270.81,0.301,3.009,47.96,0.053,120.27,0.134,1.83,0.002,24.1,0.027,468.47,0.521,188.3,22.39,30.8
276,Mountain,12,Belén ,1,DM1,P15,521.29,0.579,5.792,65.19,0.072,202.14,0.225,0,0,9.53,0.011,804.82,0.894,229.75,23.42,32
277,Mountain,1,Belén ,2,DM2,P17,493.13,0.548,5.479,13.57,0.015,154.22,0.171,0,0,6.75,0.008,673.88,0.749,312.97,24.48,33.27
278,Mountain,2,Belén ,2,DM2,P17,350.18,0.389,3.891,55.77,0.062,134.03,0.149,2.12,0.002,8.09,0.009,554.69,0.616,223.07,24.04,35.49
279,Mountain,3,Belén ,2,DM2,P17,448.19,0.498,4.98,68.53,0.076,46.58,0.052,12.88,0.014,5.0364,0.006,586.84,0.652,324.17,24.26,33.13
280,Mountain,4,Belén ,2,DM2,P17,291.89,0.324,3.243,37.81,0.042,99.01,0.11,5.26,0.006,3.78,0.004,441.47,0.491,189.04,24.37,33.02
281,Mountain,5,Belén ,2,DM2,P17,770.26,0.856,8.558,52.99,0.059,112.95,0.126,3.88,0.004,1.81,0.002,951.49,1.057,172.29,23.75,32
282,Mountain,6,Belén ,2,DM2,P17,392.28,0.436,4.359,38.11,0.042,31.29,0.035,4.02,0.004,4.6,0.005,475.18,0.528,61.45,24.4,33.52
283,Mountain,7,Belén ,2,DM2,P17,375.06,0.417,4.167,60.11,0.067,42.36,0.047,0,0,0.83,0.001,483.06,0.537,260.71,24.24,32.91
284,Mountain,8,Belén ,2,DM2,P17,481.05,0.535,5.345,19.26,0.021,137.11,0.152,0.08,0,0,0,643.55,0.715,431.91,22.74,31.75
285,Mountain,9,Belén ,2,DM2,P17,311.34,0.346,3.459,43.83,0.049,136.99,0.152,2.15,0.002,4.06,0.005,502.38,0.558,433.42,23.03,32.53
286,Mountain,10,Belén ,2,DM2,P17,455.23,0.506,5.058,63.71,0.071,84.43,0.094,0,0,5.87,0.007,614.97,0.683,363.79,22.04,31.08
287,Mountain,11,Belén ,2,DM2,P17,264.25,0.294,2.936,78,0.087,115.83,0.129,5.21,0.006,9.11,0.01,475.85,0.529,188.3,22.39,30.8
288,Mountain,12,Belén ,2,DM2,P17,520.57,0.578,5.784,67.89,0.075,156.42,0.174,0.19,0,34.67,0.039,786.35,0.874,229.75,23.42,32
289,Mountain,1,Belén ,2,DM2,P18,172.43,0.192,1.916,17.82,0.02,83.24,0.092,1.46,0.002,0.84,0.001,278.01,0.309,302.72,24.48,33.27
290,Mountain,2,Belén ,2,DM2,P18,655.51,0.728,7.283,105.96,0.118,214.63,0.238,0,0,65.55,0.073,1050.02,1.167,214.84,24.04,35.49
291,Mountain,3,Belén ,2,DM2,P18,643.05,0.715,7.145,57.82,0.064,177.21,0.197,4,0.004,2.388,0.003,892.59,0.992,322.43,24.26,33.13
292,Mountain,4,Belén ,2,DM2,P18,294.77,0.328,3.275,31.66,0.035,53.21,0.059,0,0,7.91,0.009,391.25,0.435,195.75,24.37,33.02
293,Mountain,5,Belén ,2,DM2,P18,730.48,0.812,8.116,26.3,0.029,157.85,0.175,0,0,1.51,0.002,925.27,1.028,159.56,23.75,32
294,Mountain,6,Belén ,2,DM2,P18,415.04,0.461,4.612,39.93,0.044,218.75,0.243,0.51,0.001,43.68,0.049,723.27,0.804,62.88,24.4,33.52
295,Mountain,7,Belén ,2,DM2,P18,473.07,0.526,5.256,6.05,0.007,178.41,0.198,0,0,3.65,0.004,667.17,0.741,253.92,24.24,32.91
296,Mountain,8,Belén ,2,DM2,P18,262.27,0.291,2.914,15.21,0.017,150.01,0.167,0,0,11.01,0.012,441.89,0.491,402.06,22.74,31.75
297,Mountain,9,Belén ,2,DM2,P18,165.39,0.184,1.838,27.36,0.03,108.16,0.12,10.83,0.012,32.18,0.036,346.1,0.385,409.08,23.03,32.53
298,Mountain,10,Belén ,2,DM2,P18,267.33,0.297,2.97,20.05,0.022,93.72,0.104,0.5,0.001,6.23,0.007,391.22,0.435,348.17,22.04,31.08
299,Mountain,11,Belén ,2,DM2,P18,461.24,0.512,5.125,62.31,0.069,185.69,0.206,3.75,0.004,10.5,0.012,729.41,0.81,186.63,22.39,30.8
300,Mountain,12,Belén ,2,DM2,P18,420.6,0.467,4.673,63.01,0.07,108.99,0.121,0.85,0.001,11.13,0.012,609.91,0.678,202.94,23.42,32
301,Mountain,1,Florencia,3,RM,P1,483.92,0.538,5.377,107.79,0.12,171.69,0.191,1.44,0.002,3.42,0.004,774.49,0.861,284.43,24.73,33.7
302,Mountain,2,Florencia,3,RM,P1,272.51,0.303,3.028,54.44,0.06,135.38,0.15,0.45,0.001,1.6,0.002,467.92,0.52,192.74,24.54,34.92
303,Mountain,3,Florencia,3,RM,P1,540.49,0.601,6.005,68.91,0.077,148.34,0.165,0.5,0.001,0.9575,0.001,766.05,0.851,277.28,24.85,34.44
304,Mountain,4,Florencia,3,RM,P1,374.41,0.416,4.16,48.81,0.054,93.17,0.104,1.45,0.002,6.27,0.007,528.85,0.588,162.81,25.07,34.72
305,Mountain,5,Florencia,3,RM,P1,236.4,0.263,2.627,15.17,0.017,44.33,0.049,0.32,0,3.73,0.004,302.91,0.337,131.31,24.56,33.66
306,Mountain,6,Florencia,3,RM,P1,612.8,0.681,6.809,21.72,0.024,141.29,0.157,0.12,0,19.98,0.022,803.58,0.893,62.86,25.33,34.14
307,Mountain,7,Florencia,3,RM,P1,357.75,0.398,3.975,44.53,0.049,119.75,0.133,4.49,0.005,3.23,0.004,534.31,0.594,229.39,25.01,34.09
308,Mountain,8,Florencia,3,RM,P1,198.14,0.22,2.202,27.43,0.03,147.96,0.164,0.92,0.001,11.2,0.012,388.27,0.431,340.61,23.59,33.26
309,Mountain,9,Florencia,3,RM,P1,219.55,0.244,2.439,33.93,0.038,155.06,0.172,1.81,0.002,24.18,0.027,437.43,0.486,438.75,23.81,34.18
310,Mountain,10,Florencia,3,RM,P1,257.85,0.287,2.865,66.27,0.074,158.38,0.176,12.65,0.014,9.64,0.011,508.21,0.565,451.61,22.5,32.33
311,Mountain,11,Florencia,3,RM,P1,266.72,0.296,2.964,45.14,0.05,80.59,0.09,8.28,0.009,1.51,0.002,405.65,0.451,233.18,22.71,31.23
312,Mountain,12,Florencia,3,RM,P1,270.2,0.3,3.002,151.16,0.168,279.77,0.311,15.84,0.018,72.78,0.081,793.55,0.882,270.06,23.66,31.86
313,Mountain,1,Florencia,1,DM1,P16,180.7,0.201,2.008,79.92,0.089,97.14,0.108,0.25,0,0,0,360.42,0.4,284.43,24.73,33.7
314,Mountain,2,Florencia,1,DM1,P16,450.77,0.501,5.009,49.45,0.055,70.86,0.079,0,0,1.16,0.001,577.89,0.642,192.74,24.54,34.92
315,Mountain,3,Florencia,1,DM1,P16,509.34,0.566,5.659,67.54,0.075,65.94,0.073,0,0,1.0175,0.001,650.21,0.722,277.28,24.85,34.44
316,Mountain,4,Florencia,1,DM1,P16,397.62,0.442,4.418,19.54,0.022,31.43,0.035,0,0,0.27,0,453.78,0.504,162.81,25.07,34.72
317,Mountain,5,Florencia,1,DM1,P16,470.37,0.523,5.226,27.97,0.031,116.71,0.13,0.22,0,0.91,0.001,622.09,0.691,131.31,24.56,33.66
318,Mountain,6,Florencia,1,DM1,P16,543.92,0.604,6.044,27.02,0.03,100.19,0.111,0,0,0.08,0,678,0.753,62.86,25.33,34.14
319,Mountain,7,Florencia,1,DM1,P16,517.91,0.575,5.755,35.08,0.039,48.01,0.053,0,0,7.51,0.008,614.93,0.683,229.39,25.01,34.09
320,Mountain,8,Florencia,1,DM1,P16,275.16,0.306,3.057,30.42,0.034,118.26,0.131,0,0,0.94,0.001,428.31,0.476,340.61,23.59,33.26
321,Mountain,9,Florencia,1,DM1,P16,107.16,0.119,1.191,30.12,0.033,114.87,0.128,0.21,0,12.08,0.013,265.91,0.295,438.75,23.81,34.18
322,Mountain,10,Florencia,1,DM1,P16,325.04,0.361,3.612,46.61,0.052,120.16,0.134,1.95,0.002,7.56,0.008,505.48,0.562,451.61,22.5,32.33
323,Mountain,11,Florencia,1,DM1,P16,302.8,0.336,3.364,119.83,0.133,105.66,0.117,0.88,0.001,3.18,0.004,536.3,0.596,233.18,22.71,31.23
324,Mountain,12,Florencia,1,DM1,P16,531.21,0.59,5.902,51.87,0.058,206.11,0.229,1.19,0.001,30.7,0.034,827.86,0.92,270.06,23.66,31.86
325,Mountain,1,Florencia,2,DM2,P7,396.97,0.441,4.411,47.31,0.053,78.45,0.087,2.83,0.003,17.55,0.02,548.1,0.609,284.43,24.73,33.7
326,Mountain,2,Florencia,2,DM2,P7,488.48,0.543,5.428,34.24,0.038,104.85,0.117,12.1,0.013,13.72,0.015,659.53,0.733,192.74,24.54,34.92
327,Mountain,3,Florencia,2,DM2,P7,496.47,0.552,5.516,89.37,0.099,142.21,0.158,1.32,0.001,2.415,0.003,738.11,0.82,277.28,24.85,34.44
328,Mountain,4,Florencia,2,DM2,P7,306.28,0.34,3.403,17.86,0.02,123.04,0.137,6.09,0.007,2.09,0.002,459.26,0.51,162.81,25.07,34.72
329,Mountain,5,Florencia,2,DM2,P7,335.74,0.373,3.73,13.65,0.015,92.17,0.102,0,0,3.44,0.004,449.22,0.499,131.31,24.56,33.66
330,Mountain,6,Florencia,2,DM2,P7,673.68,0.749,7.485,23.88,0.027,97.15,0.108,0.27,0,10.23,0.011,813.58,0.904,62.86,25.33,34.14
331,Mountain,7,Florencia,2,DM2,P7,701.99,0.78,7.8,74.45,0.083,122.92,0.137,0,0,8.33,0.009,916.49,1.018,229.39,25.01,34.09
332,Mountain,8,Florencia,2,DM2,P7,224.17,0.249,2.491,6.2,0.007,92.95,0.103,0,0,0.57,0.001,326.74,0.363,340.61,23.59,33.26
333,Mountain,9,Florencia,2,DM2,P7,192.13,0.213,2.135,22.73,0.025,73.9,0.082,8.12,0.009,80.4,0.089,379.74,0.422,438.75,23.81,34.18
334,Mountain,10,Florencia,2,DM2,P7,222.29,0.247,2.47,37.26,0.041,92.84,0.103,33.34,0.037,62.63,0.07,451.26,0.501,451.61,22.5,32.33
335,Mountain,11,Florencia,2,DM2,P7,230.72,0.256,2.564,51.86,0.058,193.1,0.215,3.08,0.003,8.89,0.01,490.75,0.545,233.18,22.71,31.23
336,Mountain,12,Florencia,2,DM2,P7,597.67,0.664,6.641,74.84,0.083,196.18,0.218,6.3,0.007,26.46,0.029,909.06,1.01,270.06,23.66,31.86
337,Mountain,1,Florencia,3,RM,P2,797.55,0.886,8.862,204.99,0.228,238.14,0.265,6.85,0.008,143.5,0.159,1401.28,1.557,284.43,24.73,33.7
338,Mountain,2,Florencia,3,RM,P2,317.59,0.353,3.529,51.74,0.057,183.85,0.204,4.8,0.005,18.3,0.02,580.43,0.645,192.74,24.54,34.92
339,Mountain,3,Florencia,3,RM,P2,394.44,0.438,4.383,81.25,0.09,270.68,0.301,0,0,7.2977,0.008,758.88,0.843,277.28,24.85,34.44
340,Mountain,4,Florencia,3,RM,P2,622.76,0.692,6.92,47.34,0.053,108.24,0.12,2.16,0.002,5.42,0.006,793.7,0.882,162.81,25.07,34.72
341,Mountain,5,Florencia,3,RM,P2,517.56,0.575,5.751,42.22,0.047,124.61,0.138,11.26,0.013,12.54,0.014,714.71,0.794,131.31,24.56,33.66
342,Mountain,6,Florencia,3,RM,P2,804.71,0.894,8.941,35.88,0.04,149.93,0.167,0.12,0,26.21,0.029,1026.89,1.141,62.86,25.33,34.14
343,Mountain,7,Florencia,3,RM,P2,334,0.371,3.711,10.23,0.011,38.21,0.042,0,0,6.23,0.007,392.81,0.436,229.39,25.01,34.09
344,Mountain,8,Florencia,3,RM,P2,209.62,0.233,2.329,12.4,0.014,74.42,0.083,0,0,2.28,0.003,301.38,0.335,340.61,23.59,33.26
345,Mountain,9,Florencia,3,RM,P2,150.13,0.167,1.668,57.32,0.064,116.09,0.129,0.88,0.001,58.93,0.065,385.38,0.428,438.75,23.81,34.18
346,Mountain,10,Florencia,3,RM,P2,214.48,0.238,2.383,55.15,0.061,136.18,0.151,0.27,0,26.75,0.03,435.66,0.484,451.61,22.5,32.33
347,Mountain,11,Florencia,3,RM,P2,145.1,0.161,1.612,13.85,0.015,79.3,0.088,4.03,0.004,3.02,0.003,247.18,0.275,233.18,22.71,31.23
348,Mountain,12,Florencia,3,RM,P2,718.96,0.799,7.988,87.13,0.097,300.78,0.334,39.34,0.044,34.56,0.038,1190.03,1.322,270.06,23.66,31.86
349,Mountain,1,San Jose,2,DM2,P13,785.1,0.872,8.723,115.89,0.129,54.58,0.061,0.78,0.001,102.12,0.113,1068.25,1.187,352.37,19.59,28.17
350,Mountain,2,San Jose,2,DM2,P13,422.41,0.469,4.693,72.83,0.081,147.15,0.164,1.46,0.002,7.82,0.009,657.08,0.73,228.24,19.14,30.13
351,Mountain,3,San Jose,2,DM2,P13,535.62,0.595,5.951,104.55,0.116,234.64,0.261,2.89,0.003,27.506,0.031,912.13,1.013,366.49,19.71,27.69
352,Mountain,4,San Jose,2,DM2,P13,389.93,0.433,4.333,52.17,0.058,144.07,0.16,3.34,0.004,28.11,0.031,622.61,0.692,218.22,19.74,28.42
353,Mountain,5,San Jose,2,DM2,P13,0,0,0,0,0,0,0,0,0,0,0,0,0,192.79,19.14,26.65
354,Mountain,6,San Jose,2,DM2,P13,963.05,1.07,10.701,145.45,0.162,152.83,0.17,0.55,0.001,5.93,0.007,1279.91,1.422,90.87,19.61,27.18
355,Mountain,7,San Jose,2,DM2,P13,1152.49,1.281,12.805,185.94,0.207,165.68,0.184,0,0,11.61,0.013,1530.2,1.7,299.13,19.41,28.45
356,Mountain,8,San Jose,2,DM2,P13,326.67,0.363,3.63,16.22,0.018,86.67,0.096,0,0,0.48,0.001,434.15,0.482,376.37,18.15,26.5
357,Mountain,9,San Jose,2,DM2,P13,271.4,0.302,3.016,14.22,0.016,109.68,0.122,0,0,5.17,0.006,403.92,0.449,463.73,18.22,26.29
358,Mountain,10,San Jose,2,DM2,P13,191.35,0.213,2.126,11.67,0.013,92.93,0.103,0.19,0,20.05,0.022,318.65,0.354,379.89,17.12,24.84
359,Mountain,11,San Jose,2,DM2,P13,295.57,0.328,3.284,36.79,0.041,128.3,0.143,0,0,12.67,0.014,477.13,0.53,210.6,17.35,26.45
360,Mountain,12,San Jose,2,DM2,P13,672.28,0.747,7.47,31.76,0.035,90.25,0.1,0.6,0.001,9.54,0.011,812.78,0.903,192.49,18.6,26.83
361,Mountain,1,San Jose,3,RM,P12,580.42,0.645,6.449,71.26,0.079,74.48,0.083,0,0,29.18,0.032,762.6,0.847,352.37,19.59,28.17
362,Mountain,2,San Jose,3,RM,P12,534.85,0.594,5.943,34.1,0.038,103.7,0.115,0.02,0,5.12,0.006,684.48,0.761,228.24,19.14,30.13
363,Mountain,3,San Jose,3,RM,P12,557.01,0.619,6.189,30.75,0.034,114.06,0.127,0,0,1.571,0.002,710.36,0.789,366.49,19.71,27.69
364,Mountain,4,San Jose,3,RM,P12,456.65,0.507,5.074,40.42,0.045,139.81,0.155,0,0,2.51,0.003,645.17,0.717,218.22,19.74,28.42
365,Mountain,5,San Jose,3,RM,P12,0,0,0,0,0,0,0,0,0,0,0,0,0,192.79,19.14,26.65
366,Mountain,6,San Jose,3,RM,P12,535.74,0.595,5.953,57.04,0.063,174.82,0.194,0.21,0,4.06,0.005,778.68,0.865,90.87,19.61,27.18
367,Mountain,7,San Jose,3,RM,P12,494.21,0.549,5.491,55.99,0.062,167.93,0.187,0,0,73.49,0.082,797.91,0.887,299.13,19.41,28.45
368,Mountain,8,San Jose,3,RM,P12,349.88,0.389,3.888,23.05,0.026,54.02,0.06,0.03,0,9.5,0.011,440.84,0.49,376.37,18.15,26.5
369,Mountain,9,San Jose,3,RM,P12,305.09,0.339,3.39,50.57,0.056,129.36,0.144,0.49,0.001,17.2,0.019,506.64,0.563,463.73,18.22,26.29
370,Mountain,10,San Jose,3,RM,P12,329.16,0.366,3.657,31.72,0.035,66.75,0.074,6.32,0.007,26.68,0.03,464.77,0.516,379.89,17.12,24.84
371,Mountain,11,San Jose,3,RM,P12,368.31,0.409,4.092,49.65,0.055,107.31,0.119,0,0,8.91,0.01,538.86,0.599,210.6,17.35,26.45
372,Mountain,12,San Jose,3,RM,P12,990.57,1.101,11.006,69.1,0.077,164.73,0.183,1.73,0.002,25.82,0.029,1264.32,1.405,192.49,18.6,26.83
373,Mountain,1,San Jose,3,RM,P13,327.57,0.364,3.64,38.6,0.043,83.81,0.093,56.81,0.063,13.5,0.015,524.49,0.583,352.37,19.59,28.17
374,Mountain,2,San Jose,3,RM,P13,142.54,0.158,1.584,24.95,0.028,80.61,0.09,45.92,0.051,30.09,0.033,326.02,0.362,228.24,19.14,30.13
375,Mountain,3,San Jose,3,RM,P13,511.89,0.569,5.688,69.41,0.077,211.27,0.235,1.04,0.001,10.98,0.012,811.16,0.901,366.49,19.71,27.69
376,Mountain,4,San Jose,3,RM,P13,252.14,0.28,2.802,24.33,0.027,78.07,0.087,0,0,34.95,0.039,392.69,0.436,218.22,19.74,28.42
377,Mountain,5,San Jose,3,RM,P13,0,0,0,0,0,0,0,0,0,0,0,0,0,192.79,19.14,26.65
378,Mountain,6,San Jose,3,RM,P13,1205.73,1.34,13.397,55.41,0.062,252.43,0.28,0.35,0,10.17,0.011,1539.17,1.71,90.87,19.61,27.18
379,Mountain,7,San Jose,3,RM,P13,295.82,0.329,3.287,54.25,0.06,132.63,0.147,0,0,9.94,0.011,496.46,0.552,299.13,19.41,28.45
380,Mountain,8,San Jose,3,RM,P13,268.62,0.298,2.985,37.22,0.041,45.68,0.051,0.02,0,21.28,0.024,376.2,0.418,376.37,18.15,26.5
381,Mountain,9,San Jose,3,RM,P13,240.22,0.267,2.669,36.64,0.041,51.99,0.058,1.12,0.001,3.09,0.003,336.1,0.373,463.73,18.22,26.29
382,Mountain,10,San Jose,3,RM,P13,199.64,0.222,2.218,32.52,0.036,66.17,0.074,0.74,0.001,21.64,0.024,323.26,0.359,379.89,17.12,24.84
383,Mountain,11,San Jose,3,RM,P13,313.16,0.348,3.48,52.72,0.059,114.85,0.128,9.31,0.01,19.14,0.021,513.2,0.57,210.6,17.35,26.45
384,Mountain,12,San Jose,3,RM,P13,554.1,0.616,6.157,74.8,0.083,108.21,0.12,18.65,0.021,27.5,0.031,790.26,0.878,192.49,18.6,26.83